{
  "loop": "L2",
  "status": "open",
  "closed_at": null,
  "code_gate": {
    "verdict": "pass",
    "evidence": "E1 evaluation completed without error; contention=none",
    "deviations": []
  },
  "domain_gate": {
    "verdict": "fail",
    "evidence": "{\"summary\": {\"H_report\": {\"value\": 0.3836845271612182, \"threshold\": 0.4, \"pass\": false}, \"H_bands\": {\"value\": 0.13722015898777729, \"threshold\": 0.15, \"pass\": false}, \"H_modulation\": {\"value\": 0.0, \"threshold\": 0.5, \"pass\": false}, \"H_articulation\": {\"value\": 0.6391129032258065, \"threshold\": 0.5, \"pass\": true}}, \"contention\": \"none\", \"detail\": {\"H_report\": {\"spearman_rho_model_topk_last3\": 0.3836845271612182, \"spearman_rho_model_topk_late_third_secondary\": 0.25690918248393524, \"spearman_rho_union_secondary\": 0.1259970867946512, \"per_layer_rho_model_topk\": {\"0\": 0.2635, \"1\": 0.2335, \"2\": 0.2874, \"3\": 0.2693, \"4\": 0.1961, \"5\": 0.193, \"6\": 0.3346, \"7\": 0.375, \"8\": 0.369, \"9\": 0.2843, \"10\": 0.3604, \"11\": 0.3996, \"12\": 0.3994, \"13\": 0.3634, \"14\": 0.3844, \"15\": 0.3824, \"16\": 0.3555, \"17\": 0.3589, \"18\": 0.309, \"19\": 0.2006, \"20\": 0.2525, \"21\": 0.2447, \"22\": 0.2109, \"23\": 0.2118, \"24\": 0.1901, \"25\": 0.2063, \"26\": 0.1498, \"27\": 0.2089, \"28\": 0.1987, \"29\": 0.3386, \"30\": 0.6138}, \"per_layer_rho_union\": {\"0\": -0.6754, \"1\": -0.6956, \"2\": -0.6501, \"3\": -0.6658, \"4\": -0.7325, \"5\": -0.7017, \"6\": -0.4627, \"7\": -0.4509, \"8\": -0.4345, \"9\": -0.5142, \"10\": -0.4465, \"11\": -0.385, \"12\": -0.3004, \"13\": -0.2358, \"14\": -0.2885, \"15\": -0.2855, \"16\": -0.2851, \"17\": -0.3604, \"18\": -0.3517, \"19\": -0.4715, \"20\": -0.3557, \"21\": -0.3033, \"22\": -0.3539, \"23\": -0.358, \"24\": -0.2719, \"25\": -0.2736, \"26\": -0.3244, \"27\": -0.1961, \"28\": -0.1418, \"29\": 0.0807, \"30\": 0.439}, \"per_prompt_rho_last3\": [0.4483, 0.4996, 0.6519, 0.4167, 0.2068, 0.2978, 0.2924, 0.608, 0.3546, 0.373, 0.1657, 0.2604, 0.2382, 0.4086, 0.623, 0.2939], \"window_layers\": [28, 29, 30], \"window\": \"last3\", \"top_k\": 50, \"n_prompts\": 16, \"permutation_p\": 9.999000099990002e-05, \"permutation_resamples\": 10000}, \"H_bands\": {\"cka_band_contrast\": 0.13722015898777729, \"boundaries\": [6, 26], \"bands\": [[0, 6], [6, 26], [26, 32]], \"cka_matrix\": [[1.0, 0.9396, 0.9396, 0.9396, 0.9396, 0.9396, 0.9396, 0.9396, 0.9396, 0.9396, 0.9396, 0.9396, 0.9395, 0.9395, 0.9395, 0.9395, 0.9397, 0.9397, 0.9397, 0.9397, 0.9397, 0.9397, 0.9396, 0.9396, 0.9396, 0.9396, 0.9395, 0.9396, 0.9399, 0.7159, 0.3371, 0.1689], [0.9396, 1.0, 1.0, 1.0, 1.0, 1.0, 1.0, 1.0, 1.0, 1.0, 1.0, 1.0, 1.0, 1.0, 1.0, 1.0, 1.0, 1.0, 1.0, 1.0, 1.0, 1.0, 1.0, 0.9999, 0.9999, 0.9999, 0.9999, 0.9999, 0.9998, 0.7641, 0.3573, 0.1752], [0.9396, 1.0, 1.0, 1.0, 1.0, 1.0, 1.0, 1.0, 1.0, 1.0, 1.0, 1.0, 1.0, 1.0, 1.0, 1.0, 1.0, 1.0, 1.0, 1.0, 1.0, 1.0, 1.0, 0.9999, 0.9999, 0.9999, 0.9999, 0.9999, 0.9999, 0.7642, 0.3573, 0.1753], [0.9396, 1.0, 1.0, 1.0, 1.0, 1.0, 1.0, 1.0, 1.0, 1.0, 1.0, 1.0, 1.0, 1.0, 1.0, 1.0, 1.0, 1.0, 1.0, 1.0, 1.0, 1.0, 1.0, 0.9999, 0.9999, 0.9999, 0.9999, 0.9999, 0.9999, 0.7642, 0.3573, 0.1752], [0.9396, 1.0, 1.0, 1.0, 1.0, 1.0, 1.0, 1.0, 1.0, 1.0, 1.0, 1.0, 1.0, 1.0, 1.0, 1.0, 1.0, 1.0, 1.0, 1.0, 1.0, 1.0, 1.0, 0.9999, 0.9999, 0.9999, 0.9999, 0.9999, 0.9998, 0.7642, 0.3573, 0.1752], [0.9396, 1.0, 1.0, 1.0, 1.0, 1.0, 1.0, 1.0, 1.0, 1.0, 1.0, 1.0, 1.0, 1.0, 1.0, 1.0, 1.0, 1.0, 1.0, 1.0, 1.0, 1.0, 1.0, 0.9999, 0.9999, 0.9999, 0.9999, 0.9999, 0.9998, 0.7641, 0.3573, 0.1752], [0.9396, 1.0, 1.0, 1.0, 1.0, 1.0, 1.0, 1.0, 1.0, 1.0, 1.0, 1.0, 1.0, 1.0, 1.0, 1.0, 1.0, 1.0, 1.0, 1.0, 1.0, 1.0, 1.0, 0.9999, 0.9999, 0.9999, 0.9999, 0.9999, 0.9998, 0.7641, 0.3573, 0.1752], [0.9396, 1.0, 1.0, 1.0, 1.0, 1.0, 1.0, 1.0, 1.0, 1.0, 1.0, 1.0, 1.0, 1.0, 1.0, 1.0, 1.0, 1.0, 1.0, 1.0, 1.0, 1.0, 1.0, 0.9999, 0.9999, 0.9999, 0.9999, 0.9999, 0.9998, 0.7641, 0.3573, 0.1752], [0.9396, 1.0, 1.0, 1.0, 1.0, 1.0, 1.0, 1.0, 1.0, 1.0, 1.0, 1.0, 1.0, 1.0, 1.0, 1.0, 1.0, 1.0, 1.0, 1.0, 1.0, 1.0, 1.0, 0.9999, 0.9999, 0.9999, 0.9999, 0.9999, 0.9998, 0.764, 0.3572, 0.1751], [0.9396, 1.0, 1.0, 1.0, 1.0, 1.0, 1.0, 1.0, 1.0, 1.0, 1.0, 1.0, 1.0, 1.0, 1.0, 1.0, 1.0, 1.0, 1.0, 1.0, 1.0, 1.0, 1.0, 0.9999, 0.9999, 0.9999, 0.9999, 0.9999, 0.9998, 0.764, 0.3572, 0.1751], [0.9396, 1.0, 1.0, 1.0, 1.0, 1.0, 1.0, 1.0, 1.0, 1.0, 1.0, 1.0, 1.0, 1.0, 1.0, 1.0, 1.0, 1.0, 1.0, 1.0, 1.0, 1.0, 1.0, 0.9999, 0.9999, 0.9999, 0.9999, 0.9998, 0.9998, 0.7639, 0.3571, 0.1751], [0.9396, 1.0, 1.0, 1.0, 1.0, 1.0, 1.0, 1.0, 1.0, 1.0, 1.0, 1.0, 1.0, 1.0, 1.0, 1.0, 1.0, 1.0, 1.0, 1.0, 1.0, 1.0, 1.0, 0.9999, 0.9999, 0.9999, 0.9999, 0.9998, 0.9998, 0.7639, 0.3571, 0.1751], [0.9395, 1.0, 1.0, 1.0, 1.0, 1.0, 1.0, 1.0, 1.0, 1.0, 1.0, 1.0, 1.0, 1.0, 1.0, 1.0, 1.0, 1.0, 1.0, 1.0, 1.0, 1.0, 1.0, 0.9999, 0.9999, 0.9999, 0.9999, 0.9998, 0.9998, 0.7639, 0.3571, 0.1751], [0.9395, 1.0, 1.0, 1.0, 1.0, 1.0, 1.0, 1.0, 1.0, 1.0, 1.0, 1.0, 1.0, 1.0, 1.0, 1.0, 1.0, 1.0, 1.0, 1.0, 1.0, 1.0, 1.0, 0.9999, 0.9999, 0.9999, 0.9999, 0.9999, 0.9998, 0.764, 0.3572, 0.1752], [0.9395, 1.0, 1.0, 1.0, 1.0, 1.0, 1.0, 1.0, 1.0, 1.0, 1.0, 1.0, 1.0, 1.0, 1.0, 1.0, 1.0, 1.0, 1.0, 1.0, 1.0, 1.0, 1.0, 0.9999, 0.9999, 0.9999, 0.9999, 0.9999, 0.9998, 0.7641, 0.3572, 0.1753], [0.9395, 1.0, 1.0, 1.0, 1.0, 1.0, 1.0, 1.0, 1.0, 1.0, 1.0, 1.0, 1.0, 1.0, 1.0, 1.0, 1.0, 1.0, 1.0, 1.0, 1.0, 1.0, 1.0, 0.9999, 0.9999, 0.9999, 0.9999, 0.9999, 0.9998, 0.7643, 0.3573, 0.1753], [0.9397, 1.0, 1.0, 1.0, 1.0, 1.0, 1.0, 1.0, 1.0, 1.0, 1.0, 1.0, 1.0, 1.0, 1.0, 1.0, 1.0, 1.0, 1.0, 1.0, 1.0, 1.0, 1.0, 0.9999, 0.9999, 0.9999, 0.9999, 0.9999, 0.9998, 0.7644, 0.3574, 0.1754], [0.9397, 1.0, 1.0, 1.0, 1.0, 1.0, 1.0, 1.0, 1.0, 1.0, 1.0, 1.0, 1.0, 1.0, 1.0, 1.0, 1.0, 1.0, 1.0, 1.0, 1.0, 1.0, 1.0, 1.0, 0.9999, 0.9999, 0.9999, 0.9999, 0.9999, 0.7646, 0.3576, 0.1755], [0.9397, 1.0, 1.0, 1.0, 1.0, 1.0, 1.0, 1.0, 1.0, 1.0, 1.0, 1.0, 1.0, 1.0, 1.0, 1.0, 1.0, 1.0, 1.0, 1.0, 1.0, 1.0, 1.0, 1.0, 0.9999, 0.9999, 0.9999, 0.9999, 0.9999, 0.7649, 0.3579, 0.1756], [0.9397, 1.0, 1.0, 1.0, 1.0, 1.0, 1.0, 1.0, 1.0, 1.0, 1.0, 1.0, 1.0, 1.0, 1.0, 1.0, 1.0, 1.0, 1.0, 1.0, 1.0, 1.0, 1.0, 1.0, 1.0, 0.9999, 0.9999, 0.9999, 0.9999, 0.7654, 0.3583, 0.1759], [0.9397, 1.0, 1.0, 1.0, 1.0, 1.0, 1.0, 1.0, 1.0, 1.0, 1.0, 1.0, 1.0, 1.0, 1.0, 1.0, 1.0, 1.0, 1.0, 1.0, 1.0, 1.0, 1.0, 1.0, 1.0, 1.0, 0.9999, 0.9999, 0.9999, 0.7659, 0.3587, 0.1761], [0.9397, 1.0, 1.0, 1.0, 1.0, 1.0, 1.0, 1.0, 1.0, 1.0, 1.0, 1.0, 1.0, 1.0, 1.0, 1.0, 1.0, 1.0, 1.0, 1.0, 1.0, 1.0, 1.0, 1.0, 1.0, 1.0, 1.0, 0.9999, 0.9999, 0.7665, 0.3593, 0.1765], [0.9396, 1.0, 1.0, 1.0, 1.0, 1.0, 1.0, 1.0, 1.0, 1.0, 1.0, 1.0, 1.0, 1.0, 1.0, 1.0, 1.0, 1.0, 1.0, 1.0, 1.0, 1.0, 1.0, 1.0, 1.0, 1.0, 1.0, 1.0, 0.9999, 0.767, 0.3596, 0.1765], [0.9396, 0.9999, 0.9999, 0.9999, 0.9999, 0.9999, 0.9999, 0.9999, 0.9999, 0.9999, 0.9999, 0.9999, 0.9999, 0.9999, 0.9999, 0.9999, 0.9999, 1.0, 1.0, 1.0, 1.0, 1.0, 1.0, 1.0, 1.0, 1.0, 1.0, 1.0, 1.0, 0.7674, 0.36, 0.1766], [0.9396, 0.9999, 0.9999, 0.9999, 0.9999, 0.9999, 0.9999, 0.9999, 0.9999, 0.9999, 0.9999, 0.9999, 0.9999, 0.9999, 0.9999, 0.9999, 0.9999, 0.9999, 0.9999, 1.0, 1.0, 1.0, 1.0, 1.0, 1.0, 1.0, 1.0, 1.0, 1.0, 0.768, 0.3605, 0.1769], [0.9396, 0.9999, 0.9999, 0.9999, 0.9999, 0.9999, 0.9999, 0.9999, 0.9999, 0.9999, 0.9999, 0.9999, 0.9999, 0.9999, 0.9999, 0.9999, 0.9999, 0.9999, 0.9999, 0.9999, 1.0, 1.0, 1.0, 1.0, 1.0, 1.0, 1.0, 1.0, 1.0, 0.7687, 0.361, 0.1772], [0.9395, 0.9999, 0.9999, 0.9999, 0.9999, 0.9999, 0.9999, 0.9999, 0.9999, 0.9999, 0.9999, 0.9999, 0.9999, 0.9999, 0.9999, 0.9999, 0.9999, 0.9999, 0.9999, 0.9999, 0.9999, 1.0, 1.0, 1.0, 1.0, 1.0, 1.0, 1.0, 1.0, 0.7692, 0.3615, 0.1774], [0.9396, 0.9999, 0.9999, 0.9999, 0.9999, 0.9999, 0.9999, 0.9999, 0.9999, 0.9999, 0.9998, 0.9998, 0.9998, 0.9999, 0.9999, 0.9999, 0.9999, 0.9999, 0.9999, 0.9999, 0.9999, 0.9999, 1.0, 1.0, 1.0, 1.0, 1.0, 1.0, 1.0, 0.7694, 0.3618, 0.1774], [0.9399, 0.9998, 0.9999, 0.9999, 0.9998, 0.9998, 0.9998, 0.9998, 0.9998, 