{
  "loop": "L1",
  "status": "open",
  "closed_at": null,
  "code_gate": {
    "verdict": "pass",
    "evidence": "E1 evaluation completed without error; contention=psalm",
    "deviations": []
  },
  "domain_gate": {
    "verdict": "fail",
    "evidence": "{\"summary\": {\"H_report\": {\"value\": 0.17997520191669905, \"threshold\": 0.4, \"pass\": false}, \"H_bands\": {\"value\": 0.3060883504478691, \"threshold\": 0.15, \"pass\": true}, \"H_modulation\": {\"value\": 0.1, \"threshold\": 0.5, \"pass\": false}}, \"contention\": \"psalm\", \"detail\": {\"H_report\": {\"spearman_rho_model_topk_late_third\": 0.17997520191669905, \"spearman_rho_late_third_union_secondary\": -0.32079718707864396, \"per_layer_rho_model_topk\": {\"0\": 0.1804, \"1\": 0.104, \"2\": -0.043, \"3\": -0.0129, \"4\": 0.0184, \"5\": 0.1373, \"6\": 0.1976, \"7\": 0.2085, \"8\": 0.204, \"9\": 0.1841, \"10\": 0.2522, \"11\": 0.2686, \"12\": 0.2157, \"13\": 0.1528, \"14\": 0.151, \"15\": 0.1515, \"16\": 0.1971, \"17\": 0.15, \"18\": 0.147, \"19\": 0.1778, \"20\": 0.176, \"21\": 0.0618, \"22\": 0.0559, \"23\": 0.0537, \"24\": 0.0748, \"25\": 0.0758, \"26\": 0.0974, \"27\": 0.0905, \"28\": 0.1033, \"29\": 0.1047, \"30\": 0.1208, \"31\": 0.1758, \"32\": 0.2529, \"33\": 0.3927, \"34\": 0.6174}, \"per_layer_rho_union\": {\"0\": -0.6883, \"1\": -0.6912, \"2\": -0.7006, \"3\": -0.6915, \"4\": -0.7013, \"5\": -0.6854, \"6\": -0.6688, \"7\": -0.6671, \"8\": -0.6716, \"9\": -0.6848, \"10\": -0.6563, \"11\": -0.6463, \"12\": -0.6498, \"13\": -0.6649, \"14\": -0.6514, \"15\": -0.6387, \"16\": -0.6223, \"17\": -0.632, \"18\": -0.5968, \"19\": -0.5765, \"20\": -0.5715, \"21\": -0.6401, \"22\": -0.6176, \"23\": -0.5929, \"24\": -0.5041, \"25\": -0.4843, \"26\": -0.4665, \"27\": -0.4667, \"28\": -0.4208, \"29\": -0.4236, \"30\": -0.4052, \"31\": -0.3317, \"32\": -0.1989, \"33\": 0.0156, \"34\": 0.4295}, \"per_prompt_rho_late_third\": [0.4174, 0.2995, 0.2114, 0.3416, 0.0102, -0.089, 0.3271, 0.249, 0.2137, 0.3759, -0.0974, -0.0435, -0.2038, 0.2926, 0.3153, 0.2595], \"late_third_layers\": [23, 24, 25, 26, 27, 28, 29, 30, 31, 32, 33, 34], \"top_k\": 50, \"n_prompts\": 16, \"permutation_p\": 9.999000099990002e-05, \"permutation_resamples\": 10000}, \"H_bands\": {\"cka_band_contrast\": 0.3060883504478691, \"boundaries\": [6, 30], \"bands\": [[0, 6], [6, 30], [30, 36]], \"cka_matrix\": [[1.0, 0.3883, 0.3658, 0.4001, 0.5164, 0.6615, 0.9097, 0.874, 0.8359, 0.8228, 0.8179, 0.8161, 0.8202, 0.8222, 0.7629, 0.772, 0.7746, 0.7731, 0.7949, 0.7982, 0.797, 0.8061, 0.8182, 0.8125, 0.8217, 0.8331, 0.8283, 0.8201, 0.8152, 0.8026, 0.7663, 0.7436, 0.7407, 0.7424, 0.7209, 0.5687], [0.3883, 1.0, 0.9765, 0.9586, 0.9348, 0.843, 0.3484, 0.3687, 0.3591, 0.3649, 0.3425, 0.3479, 0.3408, 0.34, 0.3172, 0.329, 0.3333, 0.3288, 0.348, 0.344, 0.347, 0.3694, 0.3857, 0.3529, 0.3368, 0.3445, 0.3429, 0.3334, 0.3334, 0.3239, 0.3142, 0.3005, 0.2981, 0.298, 0.2958, 0.2604], [0.3658, 0.9765, 1.0, 0.9925, 0.9655, 0.8685, 0.315, 0.3341, 0.3268, 0.3319, 0.3112, 0.3188, 0.3113, 0.3122, 0.2931, 0.3057, 0.3089, 0.3047, 0.325, 0.3217, 0.3252, 0.3452, 0.3595, 0.3317, 0.3194, 0.3249, 0.323, 0.3151, 0.3148, 0.3048, 0.2943, 0.2812, 0.282, 0.2871, 0.2897, 0.2793], [0.4001, 0.9586, 0.9925, 1.0, 0.9795, 0.8931, 0.3502, 0.3672, 0.3571, 0.3615, 0.3409, 0.3492, 0.3424, 0.3443, 0.3235, 0.3372, 0.3398, 0.3357, 0.357, 0.3545, 0.3578, 0.3758, 0.3905, 0.3665, 0.3538, 0.3568, 0.3541, 0.3445, 0.3428, 0.3322, 0.3207, 0.3072, 0.3083, 0.3151, 0.3171, 0.2984], [0.5164, 0.9348, 0.9655, 0.9795, 1.0, 0.9543, 0.4601, 0.472, 0.4613, 0.4643, 0.4457, 0.4544, 0.4472, 0.4494, 0.4222, 0.438, 0.44, 0.4358, 0.4606, 0.4561, 0.4581, 0.4721, 0.4861, 0.4625, 0.4512, 0.4593, 0.4551, 0.4436, 0.4422, 0.4299, 0.4133, 0.3968, 0.3974, 0.404, 0.4029, 0.3639], [0.6615, 0.843, 0.8685, 0.8931, 0.9543, 1.0, 0.6292, 0.6368, 0.6245, 0.6256, 0.6073, 0.6151, 0.6089, 0.6123, 0.5743, 0.5951, 0.5982, 0.5932, 0.6221, 0.6171, 0.6176, 0.6268, 0.6379, 0.6162, 0.6045, 0.6116, 0.6045, 0.5913, 0.5834, 0.5686, 0.5443, 0.5232, 0.5225, 0.5308, 0.524, 0.4499], [0.9097, 0.3484, 0.315, 0.3502, 0.4601, 0.6292, 1.0, 0.9825, 0.961, 0.9524, 0.9458, 0.9439, 0.9463, 0.9468, 0.8806, 0.8952, 0.9014, 0.9019, 0.9222, 0.9262, 0.924, 0.9238, 0.9269, 0.9208, 0.9178, 0.9174, 0.911, 0.9016, 0.8877, 0.8728, 0.8446, 0.8202, 0.811, 0.8106, 0.7805, 0.5793], [0.874, 0.3687, 0.3341, 0.3672, 0.472, 0.6368, 0.9825, 1.0, 0.9771, 0.9721, 0.9617, 0.9616, 0.9624, 0.9619, 0.8975, 0.9153, 0.9239, 0.9249, 0.945, 0.9472, 0.9454, 0.9449, 0.9441, 0.9409, 0.9333, 0.9249, 0.9198, 0.9062, 0.8901, 0.8748, 0.8476, 0.8227, 0.8126, 0.8118, 0.7812, 0.5753], [0.8359, 0.3591, 0.3268, 0.3571, 0.4613, 0.6245, 0.961, 0.9771, 1.0, 0.9937, 0.9837, 0.9813, 0.9764, 0.9712, 0.9072, 0.9259, 0.9334, 0.9348, 0.9541, 0.9523, 0.9488, 0.9434, 0.9396, 0.9357, 0.9258, 0.92, 0.913, 0.8997, 0.8837, 0.8697, 0.8437, 0.8175, 0.8046, 0.8009, 0.7697, 0.56], [0.8228, 0.3649, 0.3319, 0.3615, 0.4643, 0.6256, 0.9524, 0.9721, 0.9937, 1.0, 0.992, 0.9893, 0.9842, 0.9785, 0.9139, 0.9332, 0.9419, 0.9429, 0.9626, 0.9605, 0.9566, 0.9493, 0.9448, 0.9411, 0.9303, 0.9218, 0.9139, 0.9017, 0.8859, 0.8745, 0.8529, 0.8286, 0.8154, 0.811, 0.7796, 0.5677], [0.8179, 0.3425, 0.3112, 0.3409, 0.4457, 0.6073, 0.9458, 0.9617, 0.9837, 0.992, 1.0, 0.9957, 0.9913, 0.9855, 0.9186, 0.9379, 0.9474, 0.9488, 0.9686, 0.9635, 0.9583, 0.9472, 0.9431, 0.9395, 0.932, 0.9249, 0.9152, 0.9022, 0.8863, 0.8767, 0.8562, 0.8317, 0.8182, 0.8135, 0.7814, 0.5716], [0.8161, 0.3479, 0.3188, 0.3492, 0.4544, 0.6151, 0.9439, 0.9616, 0.9813, 0.9893, 0.9957, 1.0, 0.9959, 0.9918, 0.9263, 0.9467, 0.9553, 0.957, 0.9772, 0.9718, 0.9671, 0.9558, 0.9516, 0.9464, 0.9373, 0.9287, 0.9194, 0.9053, 0.8897, 0.8799, 0.8592, 0.8353, 0.8234, 0.8204, 0.7908, 0.5882], [0.8202, 0.3408, 0.3113, 0.3424, 0.4472, 0.6089, 0.9463, 0.9624, 0.9764, 0.9842, 0.9913, 0.9959, 1.0, 0.9966, 0.9384, 0.9569, 0.9652, 0.9663, 0.9821, 0.9773, 0.9725, 0.962, 0.9578, 0.9521, 0.9429, 0.9327, 0.9235, 0.9096, 0.8943, 0.8838, 0.8635, 0.8402, 0.8293, 0.8275, 0.7996, 0.6007], [0.8222, 0.34, 0.3122, 0.3443, 0.4494, 0.6123, 0.9468, 0.9619, 0.9712, 0.9785, 0.9855, 0.9918, 0.9966, 1.0, 0.9398, 0.9598, 0.9677, 0.9685, 0.9857, 0.981, 0.9761, 0.9658, 0.9616, 0.9549, 0.9452, 0.9338, 0.925, 0.9113, 0.8964, 0.8855, 0.8643, 0.8408, 0.831, 0.8305, 0.8041, 0.6179], [0.7629, 0.3172, 0.2931, 0.3235, 0.4222, 0.5743, 0.8806, 0.8975, 0.9072, 0.9139, 0.9186, 0.9263, 0.9384, 0.9398, 1.0, 0.9933, 0.9857, 0.9839, 0.9302, 0.9261, 0.921, 0.9111, 0.9066, 0.8992, 0.8888, 0.8785, 0.8727, 0.8606, 0.8474, 0.8366, 0.8178, 0.7958, 0.785, 0.7831, 0.7585, 0.5851], [0.772, 0.329, 0.3057, 0.3372, 0.438, 0.5951, 0.8952, 0.9153, 0.9259, 0.9332, 0.9379, 0.9467, 0.9569, 0.9598, 0.9933, 1.0, 0.9953, 0.9943, 0.9573, 0.9525, 0.9477, 0.9364, 0.9306, 0.9221, 0.9096, 0.8977, 0.8902, 0.877, 0.8617, 0.8504, 0.8307, 0.8082, 0.7978, 0.7965, 0.7713, 0.5947], [0.7746, 0.3333, 0.3089, 0.3398, 0.44, 0.5982, 0.9014, 0.9239, 0.9334, 0.9419, 0.9474, 0.9553, 0.9652, 0.9677, 0.9857, 0.9953, 1.0, 0.9983, 0.9697, 0.9645, 0.9594, 0.9484, 0.9416, 0.9337, 0.9211, 0.9081, 0.9002, 0.8864, 0.87, 0.8596, 0.8399, 0.8175, 0.807, 0.8055, 0.7798, 0.5996], [0.7731, 0.3288, 0.3047, 0.3357, 0.4358, 0.5932, 0.9019, 0.9249, 0.9348, 0.9429, 0.9488, 0.957, 0.9663, 0.9685, 0.9839, 0.9943, 0.9983, 1.0, 0.9738, 0.9685, 0.9639, 0.9526, 0.9456, 0.9383, 0.9249, 0.9115, 0.9035, 0.8893, 0.8721, 0.8612, 0.8413, 0.819, 0.8087, 0.8079, 0.7823, 0.599], [0.7949, 0.348, 0.325, 0.357, 0.4606, 0.6221, 0.9222, 0.945, 0.9541, 0.9626, 0.9686, 0.9772, 0.9821, 0.9857, 0.9302, 0.9573, 0.9697, 0.9738, 1.0, 0.9959, 0.9928, 0.9829, 0.9767, 0.9688, 0.9542, 0.9408, 0.9308, 0.9157, 0.8979, 0.8855, 0.8647, 0.8419, 0.8335, 0.8352, 0.8116, 0.6265], [0.7982, 0.344, 0.3217, 0.3545, 0.4561, 0.6171, 0.9262, 0.9472, 0.9523, 0.9605, 0.9635, 0.9718, 0.9773, 0.981, 0.9261, 0.9525, 0.9645, 0.9685, 0.9959, 1.0, 0.9982, 0.9916, 0.9852, 0.9774, 0.9616, 0.9472, 0.9373, 0.9233, 0.9055, 0.8918, 0.8719,