{
  "loop": "L7-articulation-null",
  "status": "open",
  "closed_at": null,
  "code_gate": {
    "verdict": "pass",
    "evidence": "both instruments evaluated; contention=psalm",
    "deviations": []
  },
  "domain_gate": {
    "verdict": "pass",
    "evidence": "{\"summary\": {\"H_articulation_model_intrinsic\": {\"value\": 0.6072580645161291, \"threshold\": 0.5, \"pass\": true}}, \"jacobian_lens\": {\"articulation_gradient_rho\": 0.6391129032258065, \"permutation_p\": 0.00019998000199980003, \"per_layer_negentropy\": {\"0\": 0.572, \"1\": 0.4063, \"2\": 0.4496, \"3\": 0.2452, \"4\": 0.1997, \"5\": 0.295, \"6\": 0.4265, \"7\": 0.5668, \"8\": 0.46, \"9\": 0.5877, \"10\": 0.5129, \"11\": 0.3029, \"12\": 0.2559, \"13\": 0.2301, \"14\": 0.2995, \"15\": 0.2977, \"16\": 0.381, \"17\": 0.4482, \"18\": 0.5525, \"19\": 0.6505, \"20\": 0.504, \"21\": 0.4843, \"22\": 0.5498, \"23\": 0.6001, \"24\": 0.6542, \"25\": 0.6549, \"26\": 0.6813, \"27\": 0.6977, \"28\": 0.7009, \"29\": 0.5606, \"30\": 0.6612}}, \"logit_lens_null\": {\"articulation_gradient_rho\": 0.6072580645161291, \"permutation_p\": 0.00019998000199980003, \"per_layer_negentropy\": {\"0\": 0.3831, \"1\": 0.1919, \"2\": 0.3024, \"3\": 0.2122, \"4\": 0.3371, \"5\": 0.3742, \"6\": 0.3288, \"7\": 0.1491, \"8\": 0.1195, \"9\": 0.1026, \"10\": 0.1049, \"11\": 0.128, \"12\": 0.1207, \"13\": 0.11, \"14\": 0.1669, \"15\": 0.2001, \"16\": 0.1841, \"17\": 0.2209, \"18\": 0.3042, \"19\": 0.3398, \"20\": 0.3433, \"21\": 0.3274, \"22\": 0.331, \"23\": 0.4321, \"24\": 0.5279, \"25\": 0.6256, \"26\": 0.544, \"27\": 0.6179, \"28\": 0.5619, \"29\": 0.6515, \"30\": 0.6985}}, \"registered_rule\": \"pass = model-intrinsic (logit-lens rho>=0.5, p<=.05); fail = lens-constructed (E7 deflated)\"}",
    "deviations": [
      "null redesigned at registration: shuffled_final_logits is vacuous under permutation-invariant negentropy; logit-lens baseline used instead (disclosed in script docstring before running)"
    ]
  },
  "signoff": "pending"
}